,Date,Revenues,Total Revenues,"Cost of Goods Sold, Total",Gross Profit,"Selling General & Admin Expenses, Total",R&D Expenses,Other Operating Expenses,"Other Operating Expenses, Total",Operating Income,"Interest Expense, Total",Interest And Investment Income,Net Interest Expenses,Currency Exchange Gains (Loss),"EBT, Excl. Unusual Items",Gain (Loss) On Sale Of Investments,Other Unusual Items,"EBT, Incl. Unusual Items",Income Tax Expense,Earnings From Continuing Operations,Earnings Of Discontinued Operations,Net Income to Company,Net Income - (IS),Net Income to Common Incl Extra Items,Net Income to Common Excl. Extra Items,Net EPS - Basic,Basic EPS - Continuing Operations,Basic Weighted Average Shares Outstanding,Net EPS - Diluted,Diluted EPS - Continuing Operations,Diluted Weighted Average Shares Outstanding,Normalized Basic EPS,Normalized Diluted EPS,EBITDA,EBITA,EBIT,EBITDAR,Total Revenues (As Reported),Effective Tax Rate - (Ratio),Total Deferred Taxes,Normalized Net Income,Interest on Long-Term Debt,Non-Cash Pension Expense,Selling and Marketing Expenses,General and Administrative Expenses,Research And Development Expense From Footnotes,"Net Rental Expense, Total",Imputed Operating Lease Interest Expense,Imputed Operating Lease Depreciation,"Stock-Based Comp., Other (Total)",Total Stock-Based Compensation,Cash And Equivalents,Total Cash And Short Term Investments,"Accounts Receivable, Total",Other Receivables,Total Receivables,Inventory,Prepaid Expenses,"Other Current Assets, Total",Total Current Assets,Gross Property Plant And Equipment,Accumulated Depreciation,Net Property Plant And Equipment,Long-term Investments,Goodwill,"Other Intangibles, Total",Deferred Tax Assets Long-Term,"Other Long-Term Assets, Total",Total Assets,"Accounts Payable, Total",Short-term Borrowings,Current Portion of Long-Term Debt,Current Portion of Leases,Current Income Taxes Payable,"Unearned Revenue Current, Total",Other Current Liabilities,Total Current Liabilities,Long-Term Debt,Long-Term Leases,Pension & Other Post Retirement Benefits,Total Liabilities,"Common Stock, Total",Additional Paid In Capital,Treasury Stock,Comprehensive Income and Other,Total Common Equity,Total Equity,Total Liabilities And Equity,ECS Total Shares Outstanding on Filing Date,ECS Total Common Shares Outstanding,Book Value / Share,Tangible Book Value,Tangible Book Value Per Share,Total Debt,Net Debt,Debt Equivalent of Unfunded Proj. Benefit Obligation,Debt Equivalent Oper. Leases,Account Code - Inventory Valuation,"Inventories - Raw Materials, Total","Inventories - Work In Process, Total","Inventories - Finished Goods, Total",Land - (BS),"Buildings, Total","Machinery, Total",Full Time Employees,Assets under Capital Lease - Gross,Assets under Capital Lease - Accumulated Depreciation,Accumulated Allowance for Doubtful Accounts (Supple),Net Income,Depreciation & Amortization - CF,Amortization of Goodwill and Intangible Assets - (CF),"Depreciation & Amortization, Total",(Gain) Loss From Sale Of Asset,Asset Writedown & Restructuring Costs,Stock-Based Compensation (CF),Net Cash From Discontinued Operations,"Other Operating Activities, Total",Change In Accounts Receivable,Change In Inventories,Change In Accounts Payable,Change in Other Net Operating Assets,Cash from Operations,Capital Expenditure,"Investment in Marketable and Equity Securities, Total","Other Investing Activities, Total",Cash from Investing,"Long-Term Debt Issued, Total",Total Debt Issued,"Long-Term Debt Repaid, Total",Total Debt Repaid,Issuance of Common Stock,Repurchase of Common Stock,"Other Financing Activities, Total",Cash from Financing,Foreign Exchange Rate Adjustments,Net Change in Cash,Levered Free Cash Flow,Unlevered Free Cash Flow,Change In Net Working Capital,Net Debt Issued / Repaid,Return on Assets,Return on Total Capital,Return On Equity %,Return on Common Equity,Gross Profit Margin %,SG&A Margin,EBITDA Margin %,EBITA Margin %,EBIT Margin %,Income From Continuing Operations Margin %,Net Income Margin %,Net Avail. For Common Margin %,Normalized Net Income Margin,Levered Free Cash Flow Margin,Unlevered Free Cash Flow Margin,Asset Turnover,Fixed Assets Turnover,Receivables Turnover (Average Receivables),Inventory Turnover (Average Inventory),Current Ratio,Quick Ratio,Operating Cash Flow to Current Liabilities,Days Sales Outstanding (Average Receivables),Days Outstanding Inventory (Average Inventory),Average Days Payable Outstanding,Cash Conversion Cycle (Average Days),Total Debt/Equity,Total Debt / Total Capital,LT Debt/Equity,Long-Term Debt / Total Capital,Total Liabilities / Total Assets,EBIT / Interest Expense,EBITDA / Interest Expense,(EBITDA - Capex) / Interest Expense,Total Debt / EBITDA,Net Debt / EBITDA,Total Debt / (EBITDA - Capex),Net Debt / (EBITDA - Capex),"Total Revenues, 1 Yr. Growth %","Gross Profit, 1 Yr. Growth %","EBITDA, 1 Yr. Growth %","EBITA, 1 Yr. Growth %","EBIT, 1 Yr. Growth %","Earnings From Cont. Operations, 1 Yr. Growth %","Net Income, 1 Yr. Growth %","Normalized Net Income, 1 Yr. Growth %","Diluted EPS Before Extra, 1 Yr. Growth %","Accounts Receivable, 1 Yr. Growth %","Inventory, 1 Yr. Growth %","Net Property, Plant and Equip., 1 Yr. Growth %","Total Assets, 1 Yr. Growth %","Tangible Book Value, 1 Yr. Growth %","Common Equity, 1 Yr. Growth %","Cash From Operations, 1 Yr. Growth %","Capital Expenditures, 1 Yr. Growth %","Levered Free Cash Flow, 1 Yr. Growth %","Unlevered Free Cash Flow, 1 Yr. Growth %","Total Revenues, 2 Yr. CAGR %","Gross Profit, 2 Yr. CAGR %","EBITDA, 2 Yr. CAGR %","EBITA, 2 Yr. CAGR %","EBIT, 2 Yr. CAGR %","Earnings From Cont. Operations, 2 Yr. CAGR %","Net Income, 2 Yr. CAGR %","Normalized Net Income, 2 Yr. CAGR %","Diluted EPS Before Extra, 2 Yr. CAGR %","Accounts Receivable, 2 Yr. CAGR %","Inventory, 2 Yr. CAGR %","Net Property, Plant and Equip., 2 Yr. CAGR %","Total Assets, 2 Yr. CAGR %","Tangible Book Value, 2 Yr. CAGR %","Common Equity, 2 Yr. CAGR %","Cash From Operations, 2 Yr. CAGR %","Capital Expenditures, 2 Yr. CAGR %","Levered Free Cash Flow, 2 Yr. CAGR %","Unlevered Free Cash Flow, 2 Yr. CAGR %","Total Revenues, 3 Yr. CAGR %","Gross Profit, 3 Yr. CAGR %","EBITDA, 3 Yr. CAGR %","EBITA, 3 Yr. CAGR %","EBIT, 3 Yr. CAGR %","Earnings From Cont. Operations, 3 Yr. CAGR %","Net Income, 3 Yr. CAGR %","Normalized Net Income, 3 Yr. CAGR %","Diluted EPS Before Extra, 3 Yr. CAGR %","Accounts Receivable, 3 Yr. CAGR %","Inventory, 3 Yr. CAGR %","Net Property, Plant and Equip., 3 Yr. CAGR %","Total Assets, 3 Yr. CAGR %","Tangible Book Value, 3 Yr. CAGR %","Common Equity, 3 Yr. CAGR %","Cash From Operations, 3 Yr. CAGR %","Capital Expenditures, 3 Yr. CAGR %","Levered Free Cash Flow, 3 Yr. CAGR %","Unlevered Free Cash Flow, 3 Yr. CAGR %","Total Revenues, 5 Yr. CAGR %","Gross Profit, 5 Yr. CAGR %","EBITDA, 5 Yr. CAGR %","EBITA, 5 Yr. CAGR %","EBIT, 5 Yr. CAGR %","Earnings From Cont. Operations, 5 Yr. CAGR %","Net Income, 5 Yr. CAGR %","Normalized Net Income, 5 Yr. CAGR %","Diluted EPS Before Extra, 5 Yr. CAGR %","Accounts Receivable, 5 Yr. CAGR %","Inventory, 5 Yr. CAGR %","Net Property, Plant and Equip., 5 Yr. CAGR %","Total Assets, 5 Yr. CAGR %","Tangible Book Value, 5 Yr. CAGR %","Common Equity, 5 Yr. CAGR %","Cash From Operations, 5 Yr. CAGR %","Capital Expenditures, 5 Yr. CAGR %","Levered Free Cash Flow, 5 Yr. CAGR %","Unlevered Free Cash Flow, 5 Yr. CAGR %",Ticker
0,2014,13152000,13152000,9070000,4082000,2368000,1856000,-508000,3716000,366000,-104000,86000,-18000,-168000,180000,0,0,180000,0,180000,0,180000,180000,180000,180000,0.0256,0.0256,7031000,0.0256,0.0256,7068000,0.016,0.0159,1170000,622000,366000,0,13152000,0.0,0,112500,22000,8000,592000,1772000,1856000,0,0,0,31000,31000,2494000,2494000,1941000,650000,2591000,2809000,237000,0,8131000,10763000,-7706000,3057000,1277000,7449000,1186000,1107000,0,22207000,1362000,535000,507000,108000,675000,163000,578000,3928000,1046000,236000,199000,5409000,1772000,18771000,-117000,-3628000,16798000,16798000,22207000,7085414,7085414,2.3708,8163000,1.1521,2432000,-62000,199000,0,5,1284000,867000,895000,30000,1414000,7889000,67.0,1430000,-887000,22000,180000,548000,256000,804000,-11000,217000,31000,0,22000,86000,863000,-271000,-174000,1747000,-379000,-148000,0,-527000,0,0,-685000,-685000,130000,0,0,-555000,119000,784000,1524750,1589750,-905000,-685000,1.0312,1.1778,1.0626,1.0626,31.0371,18.0048,8.8959,4.7293,2.7828,1.3686,1.3686,1.3686,0.8553,11.5932,12.0875,0.5929,4.1261,6.688,2.7729,2.07,1.2946,0.4448,54.5748,131.6332,64.9032,121.3048,14.4779,12.6469,7.6318,6.6666,24.3571,3.5192,11.25,7.6058,2.0786,-0.053,3.0746,-0.0784,-4.112,39.1749,-336.3636,-158.7901,-126.1802,-113.1195,-113.1195,-113.1386,-112.0219,-2.5603,-24.7523,-7.8662,0.2211,1.2402,-1.6511,-300.1145,-33.392,-332.2101,-379.0258,2.9461,16.0687,38.493,-29.9341,-51.0743,-26.4786,-26.4786,-66.2474,-32.5207,-13.1454,-12.7978,-8.092,-6.1783,-3.5392,-4.9905,37.5769,-19.8519,10.9897,20.5124,9.4791,14.9427,17.242,-25.4297,-41.7627,-55.51,-55.51,-54.6975,-61.0861,-9.6073,-6.8555,-7.1014,-3.4126,1.6976,-0.9328,40.7154,-27.1678,43.0387,33.8543,7.2811,8.3941,-13.6988,-28.0465,-36.6107,-45.1783,-48.7783,-45.1783,-49.3913,-5.5181,-9.5582,-11.5724,-4.2175,-0.7286,-1.6854,-5.1112,-15.2335,3.4484,6.9335,MEMSCAP
1,2015,12623000,12623000,8009000,4614000,2638000,1673000,-503000,3808000,806000,-66000,61000,-5000,-133000,668000,-4000,0,664000,0,664000,0,664000,664000,664000,664000,0.0934,0.0934,7110000,0.09,0.09,7156000,0.0587,0.0583,1649000,1047000,806000,0,12623000,0.0,0,417500,22000,9000,783000,1851000,1673000,0,0,0,23000,23000,2636000,2636000,1470000,581000,2051000,2793000,138000,0,7618000,11643000,-8492000,3151000,1265000,7214000,1040000,1103000,0,21391000,1044000,0,353000,98000,562000,265000,185000,2507000,693000,375000,54000,3629000,1782000,18675000,-133000,-2562000,17762000,17762000,21391000,7116301,7116301,2.496,9508000,1.3361,1519000,-1117000,54000,0,5,1167000,971000,1027000,30000,1414000,8598000,65.0,1601000,-925000,21000,664000,602000,241000,843000,12000,-75000,23000,0,-51000,547000,-23000,-221000,-227000,1492000,-288000,-16000,0,-304000,0,0,-636000,-636000,53000,-16000,0,-599000,88000,677000,973500,1014750,67000,-636000,2.3108,2.6161,3.8425,3.8425,36.5523,20.8983,13.0634,8.2943,6.3851,5.2602,5.2602,5.2602,3.3074,7.7121,8.0388,0.5791,4.0667,7.4013,2.8593,3.0387,1.8696,0.5951,49.3152,127.6518,54.9347,122.0323,8.5519,7.8782,6.0128,5.5391,16.965,12.2121,24.9848,20.6212,0.9212,-0.6774,1.1161,-0.8207,-4.0223,13.0328,40.9401,68.3279,120.2185,268.8888,268.8888,271.1111,251.5625,-24.2659,-0.5696,3.0749,-3.6746,16.4767,5.7387,-14.5965,-24.0106,-36.1535,-36.1693,-4.0671,25.4246,82.5188,-0.5212,-24.07,-30.4324,-30.4324,-30.1723,-34.9888,-14.0959,-13.502,-2.5491,-1.746,8.5916,1.9769,30.7306,-28.8557,21.7613,33.4558,0.5689,15.0478,39.304,-6.1596,-19.2191,25.8658,25.8658,-24.9462,16.9808,-17.0227,-8.8987,-4.511,-5.351,2.7181,-1.5408,17.3606,-21.2628,-7.6931,-2.4941,-0.651,-2.1892,9.2816,28.4,91.8645,110.6734,11.3441,110.9266,92.5767,-15.5189,-5.5862,-4.9757,-3.8761,-0.1549,-1.2218,16.3746,-11.6167,12.9307,8.8402,MEMSCAP
2,2016,11714000,11714000,7938000,3776000,2691000,1387000,-315000,3763000,13000,-61000,68000,7000,88000,108000,0,0,108000,0,108000,0,108000,108000,108000,108000,0.0152,0.0152,7118000,0.01,0.01,7357000,0.0095,0.0092,947000,358000,13000,0,11714000,0.0,0,67500,24000,4000,808000,1882000,1171000,0,0,0,181000,181000,2824000,2824000,1799000,657000,2456000,2926000,276000,12000,8494000,12396000,-9540000,2856000,1378000,7430000,1055000,1162000,72000,22447000,1351000,0,263000,149000,700000,304000,337000,3104000,451000,281000,4000,3840000,1782000,18624000,-121000,-1678000,18607000,18607000,22447000,7121473,7121473,2.6128,10122000,1.4213,1144000,-1680000,-68000,0,5,1281000,1182000,853000,30000,1414000,9180000,61.0,1772000,-1098000,46000,108000,589000,345000,934000,23000,-19000,181000,0,1000,-217000,11000,123000,68000,1213000,-416000,-46000,0,-462000,290000,290000,-768000,-768000,11000,0,-58000,-525000,-38000,188000,617000,655125,52000,-478000,0.037,0.0416,0.5939,0.5939,32.2349,22.9725,8.0843,3.0561,0.1109,0.9219,0.9219,0.9219,0.5762,5.2672,5.5926,0.5344,3.9001,7.1667,2.776,2.7365,1.701,0.3908,51.0691,131.8438,54.3034,128.6095,6.1482,5.7921,3.934,3.7061,17.1069,0.2131,15.5246,8.7049,1.208,-1.774,2.1544,-3.1638,-7.2012,-18.1622,-42.5713,-65.8071,-98.3871,-83.735,-83.735,-83.8324,-88.8889,22.3809,4.7619,-9.3622,4.9366,6.4577,4.7573,-18.6998,44.4444,-36.6205,-35.4398,-5.6251,-3.8212,-10.0333,-24.1342,-81.1535,-22.5403,-22.5403,-22.5403,-37.5,-3.7274,2.0613,-3.3434,0.5389,11.3546,5.2469,-16.6734,4.7676,-36.3874,-35.8055,-5.1234,8.7861,24.1409,-30.3161,-78.9721,-57.1429,-57.1429,-57.122,-63.922,-3.3399,-7.7984,-4.8752,0.4329,7.8756,2.8954,11.5875,-9.9134,-2.0534,4.7643,3.1671,7.0337,5.4588,-24.9141,-62.9144,-44.4623,-44.4623,-43.856,-52.9658,-7.2997,-3.3863,-5.616,-1.851,5.4556,1.4943,14.1087,-15.7665,3.4402,-0.2349,MEMSCAP
3,2017,11652000,11652000,8285000,3367000,2714000,1728000,-449000,3993000,-626000,-34000,105000,71000,-61000,-616000,0,0,-616000,208000,-824000,0,-824000,-824000,-824000,-824000,-0.1152,-0.1152,7155000,-0.1152,-0.1152,7155000,-0.0538,-0.0538,332000,-239000,-626000,0,11652000,-33.7662,208000,-385000,24000,1000,849000,1868000,1728000,0,0,0,201000,201000,2760000,2760000,2061000,614000,2675000,2500000,234000,24000,8193000,11923000,-9413000,2510000,1208000,7122000,891000,864000,0,20788000,1599000,18000,107000,161000,742000,177000,102000,2906000,344000,333000,22000,3605000,1812000,18770000,-126000,-3273000,17183000,17183000,20788000,7237757,7237757,2.3741,9170000,1.267,963000,-1797000,22000,0,5,1394000,737000,794000,30000,1414000,8578000,59.0,1901000,-1137000,44000,-824000,571000,387000,958000,-35000,-76000,201000,0,209000,-524000,157000,413000,70000,549000,-468000,228000,0,-240000,0,0,-440000,-440000,176000,-4000,0,-268000,-123000,-82000,443500,464750,-165000,-440000,-1.8098,-2.0648,-4.6046,-4.6046,28.8963,23.2921,2.8492,-2.0511,-5.3724,-7.0717,-7.0717,-7.0717,-3.3041,3.8062,3.9885,0.539,4.3429,6.0373,3.0538,2.8193,1.8703,0.1889,60.4571,119.5225,68.5039,111.4757,5.6043,5.3069,3.9399,3.7308,17.3417,-18.4118,9.7647,-4.0,2.9006,-5.4127,-7.0809,13.2132,-0.5293,-10.8316,-64.942,-166.7597,-4915.3846,-862.9629,-862.9629,-670.3703,-1251.64,14.5636,-14.5592,-12.1149,-7.3908,-9.4053,-7.6531,-54.7404,12.5,-28.12,-29.0594,-3.9232,-14.5755,-55.1297,-52.2223,-11.8709,11.3985,11.3985,-3.9711,13.1194,18.4078,-5.3906,-10.7491,-1.4196,-1.7936,-1.6434,-39.3401,27.4755,-32.5039,-32.3247,-3.9562,-6.2172,-34.2871,-27.2998,19.5908,66.0421,66.0421,50.6963,65.0792,2.0197,-3.8101,-6.3604,-2.177,3.9537,0.7582,-32.0129,7.2841,-33.743,-33.6313,-1.2526,2.1316,-11.4555,-28.3652,-16.3563,19.8662,19.8662,-17.1706,15.4207,-4.3406,-7.5113,-7.0569,-3.7976,0.8891,-1.5819,-9.869,-4.5274,-18.5573,-15.746,MEMSCAP
4,2018,12961000,12961000,8549000,4412000,2414000,2055000,0,4469000,-57000,-51000,63000,12000,149000,104000,0,527000,631000,330000,301000,0,301000,301000,301000,301000,0.0406,0.0406,7406000,0.04,0.04,7416000,0.0088,0.0088,779000,172000,-57000,0,12961000,52.2979,330000,65000,33000,6000,730000,1684000,2055000,0,0,0,34000,34000,2380000,2380000,2165000,778000,2943000,2807000,280000,35000,8445000,12973000,-10104000,2869000,1286000,7082000,826000,541000,23000,21072000,1336000,336000,108000,255000,755000,186000,98000,3074000,236000,466000,20000,3796000,1867000,18775000,-130000,-3236000,17276000,17276000,21072000,7456895,7456895,2.3168,9368000,1.2563,1401000,-979000,20000,0,5,1927000,855000,545000,30000,1414000,9170000,69.0,2359000,-1284000,71000,301000,607000,229000,836000,-16000,-20000,34000,0,331000,-90000,-312000,-326000,-155000,583000,-644000,-276000,0,-920000,0,0,-362000,-362000,6000,-4000,0,-360000,-1000,-698000,-718500,-686625,877000,-362000,-0.1702,-0.1934,1.747,1.747,34.0405,18.6251,6.0103,1.327,-0.4397,2.3223,2.3223,2.3223,0.5015,-5.5435,-5.2976,0.6193,4.8191,6.1339,3.2218,2.7472,1.7316,0.1897,59.5049,113.2913,60.4827,112.3134,8.1095,7.5012,4.0634,3.7586,18.0144,-1.1176,15.2745,2.6471,1.7985,-1.2567,10.3778,-7.2519,11.2341,31.0365,-765.8119,-125.0,-94.6977,-136.5291,-136.5291,-109.7652,-134.733,5.046,12.28,14.3027,1.3661,2.1592,0.5412,6.193,37.6068,-541.1358,-472.9124,5.1881,8.094,-9.3029,-30.6858,109.3947,66.9442,66.9442,-1.8694,100.0,9.7017,-2.0546,0.2273,-3.1112,-3.7967,-3.643,-30.6728,24.4217,7.9122,2.3759,0.8847,-1.4812,-22.1177,-45.2321,-58.6465,-23.1815,-23.1815,-46.2038,-23.6857,13.775,0.1668,-3.0769,-0.4996,-0.4933,-0.9205,-26.8918,30.7669,-9.6288,-12.2083,-1.126,8.5087,9.493,-30.4643,-47.2682,-26.1684,-26.1684,-40.2879,-28.4255,1.6796,-5.5424,-2.8661,-1.0,3.0457,0.2285,-7.7575,2.5073,1.8174,3.8023,MEMSCAP
5,2019,12779000,12779000,8720000,4059000,2347000,2077000,0,4424000,-365000,-185000,39000,-146000,118000,-393000,0,497000,104000,136000,-32000,0,-32000,-32000,-32000,-32000,-0.0043,-0.0043,7447000,-0.0043,-0.0043,7450000,-0.033,-0.033,373000,-125000,-365000,1026000,12779000,130.7692,136000,-245625,152000,6000,766000,1581000,2077000,653000,138358,514642,1000,1000,2204000,2204000,2169000,769000,2938000,3111000,186000,47000,8486000,17254000,-9563000,7691000,1243000,7114000,690000,412000,11000,25647000,1184000,214000,110000,588000,755000,124000,98000,3073000,127000,5685000,56000,8941000,1867000,18775000,-131000,-3805000,16706000,16706000,25647000,7455300,7455300,2.2408,8902000,1.194,6724000,4520000,56000,5224000,5,1744000,887000,1052000,30000,1414000,9876000,70.0,0,0,52000,-32000,1007000,240000,1247000,35000,-50000,1000,0,136000,-49000,-274000,-72000,10000,952000,-388000,118000,0,-270000,0,0,-681000,-681000,0,-2000,0,-683000,-53000,-54000,85250,200875,431000,-681000,-0.878,-0.9636,-0.1917,-0.1917,31.763,18.366,2.9188,-0.9781,-2.8562,-0.2504,-0.2504,-0.2504,-1.922,0.6671,1.5719,0.4919,1.6175,5.8971,2.9469,2.7615,1.6733,0.3098,61.8949,123.8569,50.9639,134.7879,40.249,28.6982,34.7898,24.8058,34.8617,-1.973,4.7676,2.6703,7.6236,5.1247,13.6113,9.1498,-1.4043,-9.154,-47.0171,-147.7099,-1206.0606,-112.1212,-112.1212,-686.5671,-112.0546,0.1847,10.83,-5.1665,-2.5311,1.5746,0.2039,4.8458,-39.7516,-122.4563,-174.8486,4.7244,9.7964,78.5507,-57.3754,-41.7305,-80.2937,-80.2937,-39.2535,-80.6837,2.5866,11.5527,75.0469,11.0738,-1.4721,-1.3978,31.6837,-8.9473,-27.6531,4.4495,2.9431,2.4383,-26.6974,-29.5833,203.9367,-33.3334,-33.3334,53.8118,-24.5391,6.4329,2.0646,39.126,4.5425,-4.1908,-3.5286,-7.7587,-2.2959,-48.3025,-32.5679,-0.5738,-0.113,-20.4382,-27.4523,-0.0547,-29.2095,-29.2095,16.9026,-30.0183,2.2461,2.0633,20.2645,2.9223,1.7484,-0.1098,-11.4336,0.4705,-43.8308,-33.8821,MEMSCAP
6,2020,11121000,11121000,7989000,3132000,2140000,1586000,0,3726000,-594000,-151000,35000,-116000,-61000,-771000,0,326000,-445000,100000,-545000,0,-545000,-545000,-545000,-545000,-0.0731,-0.0731,7458000,-0.0731,-0.0731,7458000,-0.0646,-0.0646,104000,-354000,-594000,762000,11121000,-22.4719,100000,-481875,138000,6000,658000,1482000,1586000,658000,120188,537812,0,0,2952000,2952000,1803000,755000,2558000,2604000,306000,58000,8478000,16211000,-9032000,7179000,1217000,6900000,405000,284000,0,24463000,1457000,242000,205000,582000,756000,104000,19000,3365000,348000,5126000,35000,8874000,1869000,18783000,-133000,-4930000,15589000,15589000,24463000,7466188,7466188,2.0879,8284000,1.1095,6503000,3551000,35000,5264000,5,1577000,469000,1030000,30000,1414000,9281000,63.7,0,0,49000,-545000,926000,240000,1166000,24000,-17000,0,0,100000,149000,325000,259000,1000,1462000,-497000,-2000,0,-499000,734000,734000,-746000,-746000,10000,-2000,0,-4000,-21000,938000,1134375,1228750,-931000,-12000,-1.4817,-1.631,-3.3751,-3.3751,28.1629,19.2428,0.9351,-3.1831,-5.3412,-4.9006,-4.9006,-4.9006,-4.333,10.2002,11.0489,0.4439,1.4958,5.5997,2.7958,2.5195,1.6374,0.4345,65.3606,130.9105,64.5953,131.6758,41.7153,29.4359,35.1145,24.7782,36.2751,-3.9338,3.7881,0.4967,11.3689,6.208,86.7067,47.3467,-12.9745,-22.8382,-72.118,183.2,62.7397,1603.125,1603.125,96.1832,1600.605,-16.8742,-16.2971,-6.6572,-4.6166,-6.9423,-6.6863,53.5714,28.0927,1230.6451,511.6988,-7.3698,-16.2752,-61.5647,16.2388,324.2641,43.68,43.68,239.2265,43.1789,-8.7425,-3.6839,-5.9148,-3.5795,-2.7771,-3.3025,26.891,-12.1513,72.8625,113.9739,-1.5427,-2.3829,-3.8501,-19.8682,-17.941,-12.8723,-12.8723,-10.2086,-14.0689,-4.3601,1.3679,41.9483,5.5761,-3.3303,-3.1931,38.6091,2.0242,90.971,88.2711,-2.5019,-7.4559,-42.4611,-19.4972,-5.9215,-3.8729,-3.8729,2.9095,-4.0809,4.1683,-1.3916,17.9025,2.7202,-2.7185,-2.5762,-0.4054,11.5303,3.106,3.9013,MEMSCAP
7,2021,11396000,11396000,8101000,3295000,2273000,1721000,0,3994000,-699000,-144000,42000,-102000,56000,-745000,0,474000,-271000,57000,-328000,0,-328000,-328000,-328000,-328000,-0.0439,-0.0439,7477000,-0.044,-0.044,7477000,-0.0623,-0.0623,8000,-445000,-699000,663000,11396000,-21.0332,57000,-465625,132000,8000,662000,1611000,1721000,655000,118938,536062,0,0,3919000,3919000,1980000,844000,2824000,2493000,426000,0,9662000,16729000,-9843000,6886000,1385000,7067000,171000,229000,35000,25435000,2545000,271000,119000,577000,755000,75000,20000,4362000,229000,4989000,67000,9647000,1869000,17972000,-144000,-3909000,15788000,15788000,25435000,7458171,7458171,2.1169,8550000,1.1464,6185000,2266000,32000,5240000,5,1448000,642000,922000,30000,1414000,10061000,58.6,0,0,43000,-328000,937000,254000,1191000,40000,-26000,0,0,57000,-135000,252000,851000,-307000,1595000,-146000,-46000,0,-192000,0,0,-785000,-785000,0,-11000,58000,-738000,55000,720000,1360125,1450125,-842000,-785000,-1.751,-1.9828,-2.0907,-2.0907,28.9136,19.9455,0.0702,-3.9048,-6.1337,-2.8782,-2.8782,-2.8782,-4.0858,11.9351,12.7248,0.4568,1.6205,6.0248,3.1787,2.215,1.5459,0.3657,60.5823,114.8254,91.4099,83.9978,39.1753,28.1481,33.0504,23.7473,37.928,-4.8542,3.4167,2.4028,12.5711,4.6057,17.8757,6.5491,2.4727,5.2043,-92.3077,25.7062,17.6767,-39.8166,-39.8166,-3.3723,-39.7879,9.8169,-4.2627,-4.0814,3.9733,3.211,1.2765,9.0971,-70.6238,19.9008,18.0162,-5.5662,-9.9014,-85.3552,88.6796,38.386,220.1562,220.1562,37.6835,219.9953,-4.4561,-10.4818,-5.378,-0.4142,-1.997,-2.7864,29.438,-38.6577,299.4314,168.6827,-4.1987,-9.6529,-77.5182,19.3126,176.6864,7.5037,7.5037,123.1998,7.2706,-2.9336,-3.8772,-5.3076,-1.1249,-0.8207,-1.7997,20.6586,-39.0245,53.0176,75.4774,-0.549,-2.6884,-61.5107,4.4468,121.8742,24.8792,24.8792,47.1453,34.4902,1.9358,-3.1522,19.2454,2.5309,-3.3193,-3.2324,5.6282,-18.8942,17.1275,17.2239,MEMSCAP
8,2022,9336000,9336000,5659000,3677000,1930000,1912000,-402000,3440000,237000,-141000,9000,-132000,138000,243000,0,0,243000,92000,151000,897000,1048000,1048000,1048000,151000,0.1405,0.0202,7461000,0.1402,0.02,7461000,0.0204,0.0204,796000,551000,237000,0,9336000,37.86,92000,151875,131000,7000,675000,1256000,1912000,0,0,0,0,0,4180000,4180000,1839000,655000,2494000,2578000,0,222000,9474000,11361000,-5696000,5665000,1276000,6885000,3000,137000,6000,23446000,1695000,0,101000,576000,792000,0,19000,3183000,128000,4479000,69000,7859000,1869000,17972000,-144000,-4110000,15587000,15587000,23446000,7459943,7459943,2.0894,8699000,1.1661,5284000,1104000,63000,0,5,1782000,256000,994000,30000,1414000,5153000,48.0,0,0,26000,1048000,751000,314000,1065000,35000,28000,0,-1311000,-805000,-51000,-577000,341000,327000,100000,-261000,-84000,1694000,1349000,0,0,-706000,-706000,0,0,0,-706000,-211000,532000,424000,512125,440000,-706000,0.606,0.6914,0.9625,0.9625,39.3851,20.6726,8.5261,5.9018,2.5385,1.6173,11.2253,1.6173,1.6267,4.5415,5.4854,0.382,1.4877,4.8892,2.2319,2.9764,2.0968,0.0314,74.6535,163.5372,134.7142,103.4764,33.9,25.3174,29.5566,22.0736,33.5195,1.6809,9.234,7.383,4.0584,0.8479,5.0759,1.0605,9.3464,1.3785,-28.094,-38.0899,-62.7359,-68.3439,-419.5121,-54.4944,-68.7085,-7.1213,3.4095,-17.7317,-7.82,1.7426,-1.2732,-93.7305,903.8461,-79.6007,-76.3835,-8.3762,8.3517,176.6559,24.7596,-36.8344,-47.3631,38.6699,-43.8596,-47.6845,0.9934,-0.5005,-11.1683,-2.1007,2.4742,-0.0065,-73.8468,-27.5328,-38.8629,-35.4411,-9.9353,-3.241,28.7463,63.9635,-13.4065,67.7293,219.9414,-14.8069,66.9635,-5.3529,-6.0722,-9.6893,-2.9466,-0.766,-2.2845,-52.8168,-12.3801,70.6962,36.6103,-4.3352,1.7771,46.739,-4.3439,-26.096,-28.7787,4.9269,-25.5866,-29.54,-2.2536,0.6164,17.6807,2.4357,-1.0491,-1.9308,-28.8647,-11.0228,21.0883,22.7023,MEMSCAP
9,2023,14073000,14073000,8033000,6040000,2156000,1548000,-142000,3562000,2478000,-146000,75000,-71000,-234000,2173000,0,0,2173000,33000,2140000,0,2140000,2140000,2140000,2140000,0.2864,0.2864,7473000,0.278,0.278,7703000,0.1817,0.1763,2741000,2485000,2478000,0,14073000,1.5186,33000,1358125,131000,6000,801000,1356000,1548000,0,0,0,314000,314000,4801000,4801000,2220000,494000,2714000,4054000,0,197000,11766000,11188000,-4897000,6291000,1436000,6661000,21000,106000,1000,26282000,1457000,0,102000,937000,1178000,145000,35000,3854000,26000,4646000,80000,8606000,1869000,17972000,-134000,-2031000,17676000,17676000,26282000,7472853,7472853,2.3654,10994000,1.4712,5711000,910000,79000,0,5,3033000,422000,1131000,30000,1414000,4390000,63.0,0,0,17000,2140000,714000,7000,721000,17000,63000,314000,0,33000,-328000,-1598000,-163000,553000,1752000,-346000,-145000,0,-491000,0,0,-603000,-603000,10000,0,0,-593000,-47000,621000,784500,875750,1362000,-603000,6.2288,6.9987,12.8671,12.8671,42.919,15.3201,19.477,17.6579,17.6081,15.2064,15.2064,15.2064,9.6505,5.5745,6.2229,0.566,2.3541,6.9342,2.4225,3.0529,1.9499,0.4546,52.6374,150.6709,60.494,142.8143,32.3093,24.4195,26.4313,19.9769,32.7448,16.9726,21.911,19.5411,1.7852,0.2845,2.0018,0.319,50.739,64.2643,244.3467,350.9981,945.5696,1317.2185,104.1984,794.2386,1290.0,20.7177,57.2536,11.0503,12.0958,26.3823,13.4021,1652.0,32.567,85.0235,71.0031,28.3853,29.046,57.355,67.0968,97.3886,111.8106,155.4289,101.7248,108.5552,5.8873,27.5207,-4.418,1.6514,13.3952,5.8104,4.8061,264.7971,-38.5643,-36.4508,8.1635,24.472,197.5947,91.4731,60.9799,57.7632,57.7632,41.2543,56.1081,7.1813,15.8993,-4.3059,2.4196,9.8935,4.277,6.2174,-11.3715,-11.5675,-10.6752,1.6599,6.2147,31.2403,56.8213,137.2015,51.9714,51.9714,100.5381,50.8019,0.503,7.6287,-4.9527,-0.0236,4.6383,1.1764,14.0485,-11.6843,15.6239,26.6857,MEMSCAP
